variant,promise_status,verification_timeline,evidence_status,evidence_quality,weighted_score
u10_stack_stored_only,0.937873357228196,0.5615407598192146,0.868402533427164,0.4417995101921597,0.6869563740139264
u10_stack_stored_middle,0.9385074626865672,0.5622514325838128,0.869198312236287,0.44233915169913146,0.6876174041904675
u10_stack_stored_tail,0.9385074626865672,0.5635375482451103,0.868402533427164,0.4417995101921597,0.687382713369485
u10_stack_three_eq,0.9385074626865672,0.5631953753783387,0.869198312236287,0.4417650376884005,0.6875580557058905
u10_stage_a_stem_search,0.9420989143546441,0.6281654516475261,0.8780831571529246,0.4737768804809158,0.7118914559322557
u10_stage_b_view_search,0.9433734939759036,0.6306126793742892,0.8804500703234881,0.474959931988209,0.7136375979942436
u10_per_task_tta_FINAL,0.9433734939759036,0.6306126793742892,0.8804500703234881,0.474959931988209,0.7136375979942436
