{
  "stems": [
    "p2_combo_best",
    "p2_combo_best_u10_pseudo",
    "p2_combo_best_u10_pseudo_v2",
    "p2_combo_best_u10_pseudo_v2_classw_focal_t4_g3",
    "p2_combo_best_u10_pseudo_v3_classw_focal_t4_g3",
    "p2_combo_best_classw_focal_u6pro"
  ],
  "ref_scores": {
    "u10_stack_stored_only": {
      "promise_status": 0.93836026331538,
      "verification_timeline": 0.5413691626196251,
      "evidence_status": 0.8674188998589563,
      "evidence_quality": 0.4376325591502391,
      "final_weighted_score": 0.6822744927162904
    },
    "u10_stack_stored_middle": {
      "promise_status": 0.9389952153110048,
      "verification_timeline": 0.541256703574032,
      "evidence_status": 0.8682170542635659,
      "evidence_quality": 0.43816881021804444,
      "final_weighted_score": 0.6828117484536911
    },
    "u10_stack_stored_tail": {
      "promise_status": 0.9389952153110048,
      "verification_timeline": 0.5424720682365743,
      "evidence_status": 0.8682170542635659,
      "evidence_quality": 0.4376325591502391,
      "final_weighted_score": 0.6828063652793405
    },
    "u10_stack_three_eq": {
      "promise_status": 0.9389952153110048,
      "verification_timeline": 0.5420400217364165,
      "evidence_status": 0.8682170542635659,
      "evidence_quality": 0.43816881021804444,
      "final_weighted_score": 0.6829292461780487
    }
  },
  "stem_star": {
    "promise_status": [
      0.0,
      0.0,
      0.0,
      0.0,
      0.5,
      0.5
    ],
    "verification_timeline": [
      0.1,
      0.1,
      0.0,
      0.4,
      0.3,
      0.1
    ],
    "evidence_status": [
      0.0,
      0.5,
      0.1,
      0.0,
      0.1,
      0.3
    ],
    "evidence_quality": [
      0.0,
      0.5,
      0.0,
      0.1,
      0.0,
      0.4
    ]
  },
  "alpha_star": {
    "promise_status": [
      0.0,
      0.0,
      1.0
    ],
    "verification_timeline": [
      0.4,
      0.0,
      0.6
    ],
    "evidence_status": [
      0.5,
      0.5,
      0.0
    ],
    "evidence_quality": [
      0.5,
      0.5,
      0.0
    ]
  },
  "final_score": {
    "promise_status": 0.9420989143546441,
    "verification_timeline": 0.6277834780192786,
    "evidence_status": 0.8777385159010601,
    "evidence_quality": 0.46933925195105286,
    "final_weighted_score": 0.7101775975270072
  },
  "u10_stack_baseline": 0.6822744927162904,
  "delta_vs_u10_stack": 0.027903104810716783,
  "delta_vs_active_SOTA": 0.020927597527007125,
  "grid_step": 0.1,
  "max_rounds": 2,
  "joint_rounds": 0
}