variant,promise_status,verification_timeline,evidence_status,evidence_quality,weighted_score
u10_stack_stored_only,0.93836026331538,0.5413691626196251,0.8674188998589563,0.4376325591502391,0.6822744927162904
u10_stack_stored_middle,0.9389952153110048,0.541256703574032,0.8682170542635659,0.43816881021804444,0.6828117484536911
u10_stack_stored_tail,0.9389952153110048,0.5424720682365743,0.8682170542635659,0.4376325591502391,0.6828063652793405
u10_stack_three_eq,0.9389952153110048,0.5420400217364165,0.8682170542635659,0.43816881021804444,0.6829292461780487
u10_stage_a_stem_search,0.9408212560386473,0.62635979636974,0.8769448373408769,0.4687979529002156,0.709280955380529
u10_stage_b_view_search,0.9420989143546441,0.6277834780192786,0.8777385159010601,0.46933925195105286,0.7101775975270072
u10_per_task_tta_FINAL,0.9420989143546441,0.6277834780192786,0.8777385159010601,0.46933925195105286,0.7101775975270072
