variant,promise_status,verification_timeline,evidence_status,evidence_quality,weighted_score
u10_stack_stored_only,0.9403341288782816,0.5582953697270647,0.8668076109936576,0.4369892368274848,0.6847996474224329
u10_stack_stored_middle,0.9409660107334525,0.5589902156568203,0.8676056338028169,0.4375307571295265,0.6854591896313929
u10_stack_stored_tail,0.9409660107334525,0.5611013384763353,0.8668076109936576,0.4369892368274848,0.6853469191058577
u10_stack_three_eq,0.9409660107334525,0.5591467803164136,0.8668076109936576,0.4369892368274848,0.6850537353818695
u10_stage_a_stem_search,0.9437125748502994,0.6276686304233567,0.8787666433076384,0.47996138942788846,0.7145092888256158
u10_stage_b_view_search,0.9449760765550239,0.6291148505060056,0.8795518207282913,0.48109150004407064,0.7156100141208177
u10_per_task_tta_FINAL,0.943874471937236,0.6315035648175769,0.8801128349788434,0.4815708079419586,0.7160840623834223
